[
  {
    "_id": "698c3fd52ae13c5d3157e7b4",
    "roomId": "superior-room",
    "roomTitle": "Superior Room",
    "checkInDate": "2026-02-13T00:00:00.000Z",
    "checkOutDate": "2026-02-14T00:00:00.000Z",
    "adults": 2,
    "children": 0,
    "totalPrice": 199,
    "guestInfo": {
      "name": "aman Baniya",
      "email": "aman@aman.aman",
      "phone": "9848610010"
    },
    "status": "cancelled",
    "paymentStatus": "pending",
    "createdAt": "2026-02-11T08:37:41.188Z",
    "updatedAt": "2026-02-11T08:54:16.644Z",
    "invoiceNumber": "INV-1770799061188-E1WM87P2U",
    "__v": 0
  },
  {
    "_id": "698c442855d54f6d10a3119a",
    "roomId": "signature-room",
    "roomTitle": "Signature Room",
    "checkInDate": "2026-02-12T00:00:00.000Z",
    "checkOutDate": "2026-02-13T00:00:00.000Z",
    "adults": 2,
    "children": 0,
    "totalPrice": 299,
    "guestInfo": {
      "name": "bishal  baniya",
      "email": "aman@aman.aman",
      "phone": "899898"
    },
    "status": "cancelled",
    "paymentStatus": "pending",
    "createdAt": "2026-02-11T08:56:08.959Z",
    "updatedAt": "2026-02-11T09:10:05.047Z",
    "invoiceNumber": "INV-1770800168960-73HNJ9VVE",
    "__v": 0
  },
  {
    "_id": "698c468e55d54f6d10a31225",
    "roomId": "deluxe-room",
    "roomTitle": "Deluxe Room",
    "checkInDate": "2026-02-12T00:00:00.000Z",
    "checkOutDate": "2026-02-13T00:00:00.000Z",
    "adults": 1,
    "children": 0,
    "totalPrice": 249,
    "guestInfo": {
      "name": "aman xs",
      "email": "aman@aman.aman",
      "phone": "9848610010"
    },
    "status": "cancelled",
    "paymentStatus": "pending",
    "createdAt": "2026-02-11T09:06:22.179Z",
    "updatedAt": "2026-02-11T16:20:35.990Z",
    "invoiceNumber": "INV-1770800782179-VXUJ6YRK0",
    "__v": 0
  },
  {
    "_id": "698c4b9b5852096b4bd26c56",
    "roomId": "signature-room",
    "roomTitle": "Signature Room",
    "checkInDate": "2026-02-13T00:00:00.000Z",
    "checkOutDate": "2026-02-14T00:00:00.000Z",
    "adults": 1,
    "children": 0,
    "totalPrice": 299,
    "guestInfo": {
      "name": "aman baniya",
      "email": "aman@aman.aman",
      "phone": "aman"
    },
    "status": "cancelled",
    "paymentStatus": "pending",
    "createdAt": "2026-02-11T09:27:55.893Z",
    "updatedAt": "2026-02-11T16:20:33.945Z",
    "invoiceNumber": "INV-1770802075893-WGMN3QGM4",
    "__v": 0
  },
  {
    "_id": "698c4e475852096b4bd26e2f",
    "roomId": "superior-room",
    "roomTitle": "Superior Room",
    "checkInDate": "2026-02-11T00:00:00.000Z",
    "checkOutDate": "2026-02-13T00:00:00.000Z",
    "adults": 1,
    "children": 0,
    "totalPrice": 398,
    "guestInfo": {
      "name": "aman baniya",
      "email": "aman@aman.aman",
      "phone": "aman"
    },
    "status": "cancelled",
    "paymentStatus": "pending",
    "createdAt": "2026-02-11T09:39:19.763Z",
    "updatedAt": "2026-02-11T09:40:40.849Z",
    "invoiceNumber": "INV-1770802759763-7882VY16I",
    "__v": 0
  },
  {
    "_id": "698c4ebd5852096b4bd26eb7",
    "roomId": "superior-room",
    "roomTitle": "Superior Room",
    "checkInDate": "2026-02-12T00:00:00.000Z",
    "checkOutDate": "2026-02-13T00:00:00.000Z",
    "adults": 1,
    "children": 0,
    "totalPrice": 199,
    "guestInfo": {
      "name": "aman baniya",
      "email": "aman@aman.aman",
      "phone": "aman"
    },
    "status": "cancelled",
    "paymentStatus": "pending",
    "createdAt": "2026-02-11T09:41:17.678Z",
    "updatedAt": "2026-02-11T16:20:31.535Z",
    "invoiceNumber": "INV-1770802877678-FNUWJXSYM",
    "__v": 0
  },
  {
    "_id": "698cabfed588582e90d6d60e",
    "roomId": "signature-room",
    "roomTitle": "Signature Room",
    "checkInDate": "2026-02-11T00:00:00.000Z",
    "checkOutDate": "2026-02-12T00:00:00.000Z",
    "adults": 1,
    "children": 0,
    "totalPrice": 299,
    "guestInfo": {
      "name": "aman baniya",
      "email": "aman@aman.aman",
      "phone": "aman"
    },
    "status": "cancelled",
    "paymentStatus": "pending",
    "createdAt": "2026-02-11T16:19:10.645Z",
    "updatedAt": "2026-02-11T16:20:29.677Z",
    "invoiceNumber": "INV-1770826750651-43I32OQ0Q",
    "__v": 0
  },
  {
    "_id": "698cae74e322b099ef67c3b8",
    "roomId": "superior-room",
    "roomTitle": "Superior Room",
    "checkInDate": "2026-02-11T00:00:00.000Z",
    "checkOutDate": "2026-02-12T00:00:00.000Z",
    "adults": 1,
    "children": 0,
    "totalPrice": 199,
    "guestInfo": {
      "name": "aman baniya",
      "email": "aman@aman.aman",
      "phone": "aman"
    },
    "status": "cancelled",
    "paymentStatus": "pending",
    "createdAt": "2026-02-11T16:29:40.067Z",
    "updatedAt": "2026-02-11T16:45:56.562Z",
    "invoiceNumber": "INV-1770827380068-3ZUFI1XB5",
    "__v": 0
  },
  {
    "_id": "698cb011e322b099ef67c460",
    "roomId": "deluxe-room",
    "roomTitle": "Deluxe Room",
    "checkInDate": "2026-02-11T00:00:00.000Z",
    "checkOutDate": "2026-02-12T00:00:00.000Z",
    "adults": 1,
    "children": 0,
    "totalPrice": 249,
    "guestInfo": {
      "name": "aman baniya",
      "email": "aman@aman.aman",
      "phone": "aman"
    },
    "status": "cancelled",
    "paymentStatus": "pending",
    "createdAt": "2026-02-11T16:36:33.159Z",
    "updatedAt": "2026-02-11T16:45:54.335Z",
    "invoiceNumber": "INV-1770827793159-PF4EFQLSL",
    "__v": 0
  },
  {
    "_id": "698cbdf9be5a91e63560f6aa",
    "roomId": "superior-room",
    "roomTitle": "Superior Room",
    "checkInDate": "2026-02-15T00:00:00.000Z",
    "checkOutDate": "2026-02-18T00:00:00.000Z",
    "adults": 4,
    "children": 2,
    "totalPrice": 597,
    "guestInfo": {
      "name": "sonik lamsal",
      "email": "sonik@sonik.sonik",
      "phone": "9898989898"
    },
    "status": "checked-out",
    "paymentStatus": "pending",
    "additionalServices": [],
    "createdAt": "2026-02-11T17:35:53.901Z",
    "updatedAt": "2026-02-12T14:56:11.894Z",
    "invoiceNumber": "INV-1770831353901-M1GS7VFQP",
    "__v": 0
  },
  {
    "_id": "698dee7ac96a06e4c9a36c38",
    "roomId": "superior-room",
    "roomTitle": "Superior Room",
    "checkInDate": "2026-02-21T00:00:00.000Z",
    "checkOutDate": "2026-02-27T00:00:00.000Z",
    "adults": 4,
    "children": 2,
    "totalPrice": 1194,
    "guestInfo": {
      "name": "sonik lamsal",
      "email": "sonik@sonik.sonik",
      "phone": "987iuyt"
    },
    "status": "checked-out",
    "paymentStatus": "paid",
    "additionalServices": [],
    "createdAt": "2026-02-12T15:15:06.624Z",
    "updatedAt": "2026-02-12T15:20:22.079Z",
    "invoiceNumber": "INV-1770909306624-RKHFB12DB",
    "__v": 0
  },
  {
    "_id": "698df986e8da718f1674f0ae",
    "roomId": "superior-room",
    "roomTitle": "Superior Room",
    "checkInDate": "2026-02-12T00:00:00.000Z",
    "checkOutDate": "2026-02-13T00:00:00.000Z",
    "adults": 1,
    "children": 0,
    "totalPrice": 199,
    "guestInfo": {
      "name": "sonik lamsal",
      "email": "sonik@sonik.sonik",
      "phone": "9898989898"
    },
    "status": "checked-out",
    "paymentStatus": "paid",
    "additionalServices": [],
    "createdAt": "2026-02-12T16:02:14.326Z",
    "updatedAt": "2026-02-13T12:49:30.357Z",
    "invoiceNumber": "INV-1770912134327-6XR8XL0E0",
    "__v": 0,
    "paymentMethod": "card"
  },
  {
    "_id": "698f2207db8b235d8cf7fb40",
    "roomId": "deluxe-room",
    "roomTitle": "Deluxe Room",
    "checkInDate": "2026-02-13T00:00:00.000Z",
    "checkOutDate": "2026-02-14T00:00:00.000Z",
    "adults": 3,
    "children": 1,
    "totalPrice": 249,
    "guestInfo": {
      "name": "aman baniya",
      "email": "aman@aman.aman",
      "phone": "aman"
    },
    "status": "cancelled",
    "paymentStatus": "pending",
    "additionalServices": [],
    "createdAt": "2026-02-13T13:07:19.488Z",
    "updatedAt": "2026-02-13T18:09:40.039Z",
    "invoiceNumber": "INV-1770988039488-QYS94SD1L",
    "__v": 0
  },
  {
    "_id": "698f4a57db8b235d8cf80e83",
    "roomId": "signature-room",
    "roomTitle": "Signature Room",
    "checkInDate": "2026-02-13T00:00:00.000Z",
    "checkOutDate": "2026-02-14T00:00:00.000Z",
    "adults": 1,
    "children": 0,
    "totalPrice": 299,
    "guestInfo": {
      "name": "aman baniya",
      "email": "aman@aman.aman",
      "phone": "9898989898"
    },
    "status": "checked-out",
    "paymentStatus": "paid",
    "additionalServices": [],
    "createdAt": "2026-02-13T15:59:19.225Z",
    "updatedAt": "2026-02-13T17:46:58.171Z",
    "invoiceNumber": "INV-1770998359225-G5ZKBII8A",
    "__v": 0,
    "paymentMethod": "cash"
  },
  {
    "_id": "698f65e06cd2ea17c8671ea3",
    "roomId": "luxury-suite-room",
    "roomTitle": "Luxury suite room ",
    "checkInDate": "2026-02-14T00:00:00.000Z",
    "checkOutDate": "2026-02-15T00:00:00.000Z",
    "adults": 1,
    "children": 0,
    "totalPrice": 399,
    "guestInfo": {
      "name": "aman baniya",
      "email": "aman@aman.aman",
      "phone": "998989889"
    },
    "status": "cancelled",
    "paymentStatus": "pending",
    "additionalServices": [],
    "createdAt": "2026-02-13T17:56:48.730Z",
    "updatedAt": "2026-02-13T18:09:49.350Z",
    "invoiceNumber": "INV-1771005408730-UIEADQ92Q",
    "__v": 0
  },
  {
    "_id": "6990b462be256663d5b8ca89",
    "roomId": "deluxe-room",
    "roomTitle": "Deluxe Room",
    "checkInDate": "2026-02-19T00:00:00.000Z",
    "checkOutDate": "2026-02-21T00:00:00.000Z",
    "adults": 2,
    "children": 1,
    "totalPrice": 498,
    "guestInfo": {
      "name": "xx",
      "email": "xx@ee.e",
      "phone": "3456"
    },
    "status": "checked-in",
    "paymentStatus": "pending",
    "additionalServices": [],
    "createdAt": "2026-02-14T17:44:02.810Z",
    "updatedAt": "2026-02-14T17:44:33.034Z",
    "invoiceNumber": "INV-1771091042811-55E2EQG76",
    "__v": 0
  }
]